TABLE_NAME	TABLE_TYPE
analysis_project	TABLE
analysis_project_publication	TABLE
analysis_project_sra_run_v2	TABLE
api_user	TABLE
assembly	TABLE
assembly_library	TABLE
assembly_method	TABLE
assembly_method_mapping	TABLE
audit_log	TABLE
bacdive	TABLE
backup_20260731_analysis_project	TABLE
backup_20260731_biosample	TABLE
backup_20260731_contact	TABLE
backup_20260731_organism	TABLE
backup_20260731_project	TABLE
backup_20260731_shiro_permission	TABLE
backup_20260731_study	TABLE
bioproject_submission_2	TABLE
biosample	TABLE
biosample_disease	TABLE
biosample_submission_2	TABLE
contact	TABLE
cvaerospace_struc	TABLE
cvamplificationmethod	TABLE
cvanalysis_system	TABLE
cvap_completion	TABLE
cvap_review_status	TABLE
cvap_status	TABLE
cvap_type	TABLE
cvarch_struc	TABLE
cvbinningparams	TABLE
cvbiological_status	TABLE
cvbiosafety	TABLE
cvbiotic_relationship	TABLE
cvbody_product	TABLE
cvbody_site	TABLE
cvbody_subsite	TABLE
cvbuild_docs	TABLE
cvbuild_occup_type	TABLE
cvbuilding_setting	TABLE
cvbuilt_struc_set	TABLE
cvceiling_finish_mat	TABLE
cvceiling_struc	TABLE
cvceiling_texture	TABLE
cvceiling_type	TABLE
cvcell_arrangement	TABLE
cvcell_shape	TABLE
cvcelllysisapproach	TABLE
cvcolor	TABLE
cvcompapproach	TABLE
cvcontaminant	TABLE
cvcontaminationscreening	TABLE
cvcountry	TABLE
cvcoveragesoftware	TABLE
cvculture_type	TABLE
cvcurrent_land_use	TABLE
cvdamage_condition	TABLE
cvdata_validity_type	TABLE
cvday_of_week	TABLE
cvdeposition_env	TABLE
cvdisease	TABLE
cvdomain	TABLE
cvdoor_comp_type	TABLE
cvdoor_direction	TABLE
cvdoor_mat	TABLE
cvdoor_movement	TABLE
cvdoor_type	TABLE
cvdoor_type_metal	TABLE
cvdoor_type_wood	TABLE
cvdrainage_class	TABLE
cvdrawings	TABLE
cvenergy_source	TABLE
cvfastadownloadstatus	TABLE
cvfilter_type	TABLE
cvfinishing_goal	TABLE
cvfireplace_type	TABLE
cvfloor_finish_mat	TABLE
cvfloor_struc	TABLE
cvfloor_water_mold	TABLE
cvfurniture	TABLE
cvgender_restroom	TABLE
cvgram_stain	TABLE
cvgrowth_facility	TABLE
cvgrowth_habit	TABLE
cvhabitat	TABLE
cvhandidness	TABLE
cvhealthdiseasestatus	TABLE
cvheat_cool_type	TABLE
cvheat_system_deliv_meth	TABLE
cvhorizon	TABLE
cvhost_gender	TABLE
cvhydrocarbon_geologicalage	TABLE
cvhydrocarbon_lithology	TABLE
cvhydrocarbon_produced	TABLE
cvhydrocarbon_samplecollpoint	TABLE
cvhydrocarbon_samplesubtype	TABLE
cvhydrocarbon_sampletype	TABLE
cvhydrocarbon_type	TABLE
cvimguse	TABLE
cvindoor_space	TABLE
cvindoor_surface	TABLE
cvirradiance	TABLE
cvlatlong	TABLE
cvlibrarylayout	TABLE
cvlight_type	TABLE
cvlocation	TABLE
cvmech_struc	TABLE
cvmetabolism	TABLE
cvmodel	TABLE
cvmold	TABLE
cvmonth	TABLE
cvmotility	TABLE
cvnucleic_acid	TABLE
cvoccup_document	TABLE
cvorganism_type	TABLE
cvorientation	TABLE
cvoxygen	TABLE
cvoxygen_presence	TABLE
cvoxygen_stat_sample	TABLE
cvpackages	TABLE
cvphenotype	TABLE
cvphylogeny	TABLE
cvplant_sex	TABLE
cvpresence_animal	TABLE
cvprofile_position	TABLE
cvproject_status	TABLE
cvproject_subtype	TABLE
cvproject_type	TABLE
cvquadrant_position	TABLE
cvrel_sample_location	TABLE
cvrelation	TABLE
cvrelevance	TABLE
cvroles	TABLE
cvroom_condt	TABLE
cvroom_connected	TABLE
cvroom_location	TABLE
cvroom_samp_position	TABLE
cvroom_type	TABLE
cvsalinity	TABLE
cvsamplecapture_status	TABLE
cvsampling_floor	TABLE
cvsampling_weather	TABLE
cvseason	TABLE
cvsediment_type	TABLE
cvseq_quality	TABLE
cvseq_status	TABLE
cvshading_device_loc	TABLE
cvshading_device_type	TABLE
cvsoilfaoclass	TABLE
cvsortingtechnology	TABLE
cvsourcerock_deposition	TABLE
cvsourcerock_geologicalage	TABLE
cvsourcerock_kerogentype	TABLE
cvsourcerock_lithology	TABLE
cvspace_typ_state	TABLE
cvspecifications	TABLE
cvspecimen	TABLE
cvsporulation	TABLE
cvsubstructure_type	TABLE
cvsurface_material	TABLE
cvtaxidentifiers	TABLE
cvtemp_range	TABLE
cvtidal_stage	TABLE
cvtillage	TABLE
cvtrain_line	TABLE
cvtrain_stat_location	TABLE
cvtrain_stop_location	TABLE
cvuncultured_type	TABLE
cvurinecollect	TABLE
cvvirusenrichmentapproach	TABLE
cvvis_media	TABLE
cvwall_const_type	TABLE
cvwall_finish_mat	TABLE
cvwall_surface_treatment	TABLE
cvwall_texture	TABLE
cvwater_feat_type	TABLE
cvwindow_cover	TABLE
cvwindow_horiz_pos	TABLE
cvwindow_mat	TABLE
cvwindow_status	TABLE
cvwindow_type	TABLE
cvwindow_vert_pos	TABLE
cvyes_no	TABLE
cvyes_no_only	TABLE
dw_accounts	TABLE
dw_all_inclusive_report	TABLE
dw_analysis_product	TABLE
dw_analysis_project	TABLE
dw_analysis_project_status_cv	TABLE
dw_analysis_task	TABLE
dw_ap_data_utilization_status	TABLE
dw_collection_locations_cv	TABLE
dw_contact	TABLE
dw_contact_user	TABLE
dw_final_deliv_product	TABLE
dw_final_deliv_project	TABLE
dw_m2m_analprojgoldproj	TABLE
dw_m2m_analprojgptsproj	TABLE
dw_m2m_analprojseqproj	TABLE
dw_m2m_samplesowitem	TABLE
dw_m2m_seq_prod_strats	TABLE
dw_pmo_migrated_seq_projects	TABLE
dw_proposal	TABLE
dw_proposal_doe_tags	TABLE
dw_sample_fraction_deleted	TABLE
dw_sample_mapping_strategy_cv	TABLE
dw_sample_taxonomy_info	TABLE
dw_samples	TABLE
dw_sequencing_product	TABLE
dw_sequencing_project	TABLE
dw_sequencing_strategy	TABLE
dw_sow_item	TABLE
dw_sow_segment	TABLE
dw_sp_data_utilization_status	TABLE
dw_taxonomy_info	TABLE
dw_vw_api_sample_fractions	TABLE
dw_vw_contact_user	TABLE
ecosystem_classification_2	TABLE
ecosystem_view	TABLE
ena	TABLE
envo_terms_labels	TABLE
excel	TABLE
genbank	TABLE
genbank_ena_registration	TABLE
gold_img_submission_meta	TABLE
gold_img_submission_processing	TABLE
gold_master_analysis_project	TABLE
gold_master_analysis_project_publication	TABLE
gold_master_analysis_project_sra_run	TABLE
gold_master_assembly	TABLE
gold_master_biosample	TABLE
gold_master_contact	TABLE
gold_master_cvap_status	TABLE
gold_master_cvbiotic_relationship	TABLE
gold_master_cvcell_arrangement	TABLE
gold_master_cvcountry	TABLE
gold_master_cvdisease	TABLE
gold_master_cvenergy_source	TABLE
gold_master_cvhabitat	TABLE
gold_master_cvmetabolism	TABLE
gold_master_cvphenotype	TABLE
gold_master_cvrelevance	TABLE
gold_master_cvseq_quality	TABLE
gold_master_cvseq_status	TABLE
gold_master_genbank	TABLE
gold_master_hmp_project	TABLE
gold_master_institution	TABLE
gold_master_its_proposal	TABLE
gold_master_journal	TABLE
gold_master_longhurst_code	TABLE
gold_master_organism	TABLE
gold_master_organism_biotic_rel	TABLE
gold_master_organism_cell_arrangement	TABLE
gold_master_organism_disease	TABLE
gold_master_organism_energy_source	TABLE
gold_master_organism_habitat	TABLE
gold_master_organism_metabolism	TABLE
gold_master_organism_phenotype	TABLE
gold_master_permission	TABLE
gold_master_project	TABLE
gold_master_project_analysis_project	TABLE
gold_master_project_biosample	TABLE
gold_master_project_collaborator	TABLE
gold_master_project_genome_publication	TABLE
gold_master_project_relevance	TABLE
gold_master_project_sequencing_center	TABLE
gold_master_project_sequencing_method	TABLE
gold_master_publication	TABLE
gold_master_sequencing_method	TABLE
gold_master_sra_experiment	TABLE
gold_master_study	TABLE
gold_master_timestamp	TABLE
gpts_accounts	TABLE
gpts_pmo_projects	TABLE
gpts_product_catalog	TABLE
gpts_proposals	TABLE
gtdb	TABLE
hmp_project	TABLE
hmpcv_repository_status	TABLE
ignored	TABLE
img_annotation	TABLE
img_annotation_lookup	TABLE
img_rnaseq_dataset	TABLE
img_submission	TABLE
img_submission_statuscv	TABLE
img_taxon	TABLE
img_taxon_gtdbtk_lineage	TABLE
img_taxon_replacements	TABLE
img_taxon_stats	TABLE
img_taxon_stats_merfs	TABLE
img_taxonomy_collection	TABLE
institution	TABLE
institution_mapping	TABLE
institution_raw	TABLE
its_proposal	TABLE
job	TABLE
journal	TABLE
library	TABLE
longhurst_code	TABLE
missing_permission_view	TABLE
ncbi_anomalous_assembly	TABLE
ncbi_assembly	TABLE
ncbi_bioproject	TABLE
ncbi_biosample_habitat	TABLE
ncbi_genbank	TABLE
ncbi_prok_ref_sep2025	TABLE
ncbi_raw_bioproject	TABLE
ncbi_raw_bioproject_biosample	TABLE
ncbi_raw_bioproject_biosample_2025_06_05_backup	TABLE
ncbi_raw_bioproject_pubmed	TABLE
ncbi_raw_biosample	TABLE
ncbi_raw_pubmed	TABLE
ncbi_raw_sra_experiment	TABLE
ncbi_raw_sra_run	TABLE
ncbi_raw_sra_sample	TABLE
ncbi_raw_sra_study	TABLE
ncbi_sra_view	TABLE
ncbi_sra_view_old	TABLE
ncbi_taxonomy	TABLE
ncbi_taxonomy_type_material	TABLE
ncbigold_project_counts	TABLE
organism_biotic_rel	TABLE
organism_body_product	TABLE
organism_cell_arrangement	TABLE
organism_disease	TABLE
organism_energy_source	TABLE
organism_habitat	TABLE
organism_metabolism	TABLE
organism_phenotype	TABLE
organism_v2	TABLE
package_built_environment	TABLE
package_host_associated	TABLE
package_human_associated	TABLE
package_hydrocarbon_core	TABLE
package_hydrocarbon_fs	TABLE
package_microbial_mat	TABLE
package_plant	TABLE
package_sediment	TABLE
package_selection	TABLE
package_soil	TABLE
package_version	TABLE
package_wastewater	TABLE
package_water	TABLE
precalculated_data	TABLE
project	TABLE
project_analysis_project	TABLE
project_biosample	TABLE
project_collaborator	TABLE
project_cyano_metadata	TABLE
project_funding_agency	TABLE
project_genome_publication	TABLE
project_ignored_publication	TABLE
project_library	TABLE
project_other_publication	TABLE
project_relation	TABLE
project_relevance	TABLE
project_sequencing_center	TABLE
project_sequencing_method	TABLE
project_unassigned_publication	TABLE
publication	TABLE
qc_rules	TABLE
ror	TABLE
sequencing_method	TABLE
sequencing_method_mapping	TABLE
shiro_permission	TABLE
sigs_view	TABLE
snapshot_biosample	TABLE
snapshot_organism	TABLE
snapshot_project	TABLE
snapshot_project_biosample	TABLE
sra_experiment_v2	TABLE
sra_run_v2	TABLE
sra_sample_v2	TABLE
sra_study_v2	TABLE
sra_v2_mapped_seq_strategy	TABLE
sraapview	TABLE
ss_biosample	TABLE
ss_organism	TABLE
study	TABLE
study_ncbi_bioproject	TABLE
study_publication	TABLE
study_relevance	TABLE
table_row_count	TABLE
tbk_gold_spids	TABLE
tmp_sm_ncbi_prokref	TABLE
tooltips	TABLE
v5_sp_for_ws_view	TABLE
